"Sequence No.","Level"," First Name", "Last Name","DOB Year","DOB Month","DOB Day","Street","City","Province","Country","Postal","Email",	"Affiliation"," Registration Type","Times Taking N1","Times Taking N2","Times Taking N3","Times Taking N4","Times Taking N5","Latest N1 Result","Latest N2 Result","Latest N3 Result","	Latest N4 Result","Latest N5 Result"
"50001","N5","EMERALDINE HELIENA","ABENDANIO","2005",08,23,"11353 32nd Avenue Northwest","Edmonton","Alberta","Canada","T6J4L2","Emeraldpagaling08@gmail.com","Harry Ainlay","Stripe Paid","0","0","0","0","0","0","0","0","0","0"
"30001","N3","MARY","AGUILAR","2000",01,01,"29-700 Dovercourt Drive","Winnipeg","Manitoba","Canada","R3Y1X5","mary.aguilar1717@gmail.com","Other University","Stripe Paid","0","0","0","0","0","0","0","0","0","0"
"20001","N2","ALEXANDER","ANAYA-PAIERO","1989",10,29,"1505 - 510 Agnes Street","New Westminster","British Columbia","Canada","V3L 0J6","alexander.anaya.paiero@gmail.com","Other Community Language School","Stripe Paid","0","0","2","1","0","0","0","1","1","0"
"30002","N3","JOHN","ANDERSON","1990",05,21,"1 Rolling Hills Ridge Box 1586","Blackfalds","Alberta","Canada","T0M 0J0","johnand1206@gmail.com","Other High School outside of Alberta Other (including private tutors and self-studying)","Stripe Paid","0","0","1","1","1","0","0","2","2","1"
"10001","N1","MASATO","AOYAMA","2006",05,23,"1340 Shawnee Road SW","Calgary","Alberta","Canada","T2Y 2S7","limbomoose@yahoo.co.jp","Calgary Hoshuko Japanese School Association","Stripe Paid","0","0","0","0","0","0","0","0","0","0"
"50002","N5","MIRANDA","APESLAND","2023",04,16,"651 Millbourne Road East NW","Edmonton","Alberta","Canada","T6K 3N3","mira1617@gmail.com"," University of Alberta","Stripe Paid","0","0","0","0","0","0","0","0","0","0"
"40001","N4","KOBI TROY","AYRAN","1998",03,20,"1732 Connaught St","Regina","SK","Canada","s4t 4t2","troyferriols@gmail.com","University of Regina","Stripe Paid","0","0","0","0","0","0","0","0","0","0"
"40002","N4","LEIGHA","BABINEAU","2005",11,30,"2226 S 141st Plz Apt 8","Omaha","Nebraska","United States","68144","babineau.leigha@gmail.com","Other High School outside of Alberta Other (including private tutors and self-studying)","Stripe Paid","0","0","0","0","0","0","0","0","0","0"
"50003","N5","MONICA","BABINEAU OHAGAN","1975",11,18,"2226 S. 141st Plz #8","Omaha","Nebraska","United States","68144","monica.b.ohagan@gmail.com","Other University","Stripe Paid","0","0","0","0","0","0","0","0","0","0"
"40003","N5,N4","DWANE","BACAK","1972",01,07,"5308 Broadwood Ave","Peachtree Corners","GA","USA","30092","dwabac@gmail.com","Other College","Stripe Paid","0","0","0","0","0","0","0","0","0","0"
"10002","N1","JUZHENG","BAI","2000",10,08,"9733 111 St NW","Edmonton","AB","Canada","T5K 1J7","juzheng@ualberta.ca","Other High School outside of Alberta Other (including private tutors and self-studying)","Stripe Paid","0","1","0","0","0","0","1","0","0","0"
"30003","N3","KEEGAN","BAJC","2003",04,05,"27 Halman Crescent Unit 11","Red Deer","Alberta","Canada","T4N 6J9","keeganbajc@gmail.com","Other High School outside of Alberta Other (including private tutors and self-studying)","Stripe Paid","0","0","0","0","0","0","0","0","0","0"
"30004","N3","MORRIS","BAKER","1994",05,31,"150 Park Street West -  Unit 501","Windsor","Ontario","Canada","N9A 7A2","morrisj.baker@gmail.com","Other University","Stripe Paid","0","0","0","0","0","0","0","0","0","0"
"10003","N1","ANDY","BALLARD","1998",05,18,"577 S 2080 E","Springville","Utah","United States of America","84663","andytakahiro@gmail.com","Other University","Stripe Paid","0","0","0","0","0","0","0","0","0","0"
"20002","N2","AYOMIDE","BAMGBOSE","2000",10,15,"235-30 Royal Oak Plaza NW","Calgary","Alberta","Canada","T3G 0C1","bamayoen@gmail.com","University of Calgary","Stripe Paid","0","0","1","0","0","0","0","1","0","0"
"30005","N3","MACK","BANNATYNE","2001",08,21,"42 Aspen Summit Green SW","Calgary","Alberta","Canada","T3H0T6","bannatynemack21@gmail.com","Other University","Stripe Paid","0","0","0","0","0","0","0","0","0","0"
"40004","N4","BRAEDEN","BARLOW","1998",10,31,"1404 NE Young Ave.","Bentonville","Arkansas","United States of America","72712","bbarlow1031@gmail.com","Other University","Stripe Paid","0","0","0","1","1","0","0","0","2","1"
"20003","N2","ELLA","BARTON","2002",12,13,"6505 Shirley Ave Apt# 112","Austin","Texas","USA","78752","ella.g.b@utexas.edu","Other College","Stripe Paid","0","0","0","0","0","0","0","0","0","0"
"50004","N5","SIANNE","BASSINGTHWAITE","2002",08,22,"Box 250","Arborfield","Saskatchewan","Canada","S0E0A0","sibass246@gmail.com","University of Saskatchewan","Stripe Paid","0","0","0","0","0","0","0","0","0","0"
"40005","N4","RUI JORGE BADARACO","BASTO DA SILVA","1979",07,18,"2181 W.38 Avenue","Vancouver","BC","Canada","V6M1R8","rui.bastodasilva@hotmail.com","Other College","Stripe Paid","0","0","0","2","1","0","0","0","2","1"
"40006","N4","HAROLD","BATSCHE","2000",12,21,"626 Bertha St.","Wausau","Wisconsin","United States of America","54403","hcbatsche@yahoo.com","Other High School outside of Alberta Other (including private tutors and self-studying)","Stripe Paid","0","0","0","0","0","0","0","0","0","0"
"30006","N3","KELLY","BEAVERS","2000",01,12,"754 Britton Ave","Dayton","Ohio","United States of America","45429","beaversk3@gmail.com","Other University","Stripe Paid","0","0","0","0","1","0","0","0","0","1"
"50005","N5","PAIGE","BERRYMAN","1997",05,07,"7506 Valley Street","Omaha","Nebraska","United States of America","68124","paige.berryman@gmail.com","Other College","Stripe Paid","0","0","0","0","0","0","0","0","0","0"
"50006","N5","BRET","BETNAR","1988",09,03,"1046 Watt Promenade -  SW","Edmonton","Alberta","Canada","T6X1P6","bbetnar@gmail.com","Other Community Language School","Stripe Paid","0","0","0","0","0","0","0","0","0","0"
"50007","N5","KATIE","BINER","2003",10,23,"15170 Prairie Red Ct.","Brighton","Colorado","United States of America","80603","katieozban@gmail.com","Other High School outside of Alberta Other (including private tutors and self-studying)","Stripe Paid","0","0","0","0","1","0","0","0","0","2"
"10004","N1","DAN","BORGERDING","1985",02,09,"9321 S 30th St","Lincoln","Nebraska","United States of America","68516","danborgerding@gmail.com","Other University","Stripe Paid","1","0","0","0","0","2","0","0","0","0"
"50008","N5","SERGEI","BORJA","1998",07,01,"411-84 Street SW","Edmonton","Alberta","Canada","T6X1H8","sergei.borja0107@gmail.com","Other High School outside of Alberta Other (including private tutors and self-studying)","Stripe Paid","0","0","0","0","0","0","0","0","0","0"
"40007","N4","CHRYSTAL","BRIM","1970",01,11,"1530 SE 32nd Ave","Portland","Oregon","USA","97214","socialsculptor@gmail.com","Other College","Stripe Paid","0","0","1","0","0","0","0","1","0","0"
"10005","N1","LIWEN","CAI","1988",01,19,"171 Evansfield Way NW","Calgary","AB","Canada","T3P 0K3","liwen.cai.vivienne@gmail.com","Other High School outside of Alberta Other (including private tutors and self-studying)","Stripe Paid","1","1","1","0","0","2","1","1","0","0"
"40008","N4","JIALIANG","CAO","1995",06,18,"800 NE 67TH ST","Seattle","WA","USA","98115","mintyck@gmail.com"," ---- Post Secondary ----","Stripe Paid","0","0","0","0","1","0","0","0","0","1"
"40009","N4","JIARUI","CAO","1999",05,31,"1002-9025 Highland Court","Burnaby","BC","Canada","V5A 0A8","jiaruicao0@gmail.com","Other University","Stripe Paid","0","0","0","0","0","0","0","0","0","0"
"20004","N2","XILIN","CAO","1998",12,19,"10-9 Christopher Court","Saint John","NB","Canada","E2K 4L4","caoxilin1219@gmail.com"," ---- Post Secondary ----","Stripe Paid","0","1","0","0","0","0","2","0","0","0"
"30007","N3","KIP","CARNAHAN","2005",08,24,"11908-28th Ave NW","Edmonton","Alberta","Canada","T6J6B9","kipcarnahan@gmail.com","Harry Ainlay","Stripe Paid","0","0","0","0","0","0","0","0","0","0"
"50009","N5","HUNTER","CARR","1999",12,02,"2125 205 Street NW","Edmonton","Alberta","Canada","T6M1N1","Hdcarr@ualberta.ca"," University of Alberta","Stripe Paid","0","0","0","0","0","0","0","0","0","0"
"20005","N2","REUBEN","CASIMONG","1998",05,02,"18920 67A Avenue","Surrey","British Columbia","Canada","V4N 6A1","davidcasimong@gmail.com","Other High School outside of Alberta Other (including private tutors and self-studying)","Stripe Paid","0","0","0","0","0","0","0","0","0","0"
"20006","N2","ALEX","CHAN","1999",03,30,"Unit 90 -  6915 Ranchview Dr. NW","Calgary","Alberta","Canada","T3G 1R8","alex.chan.3301999@gmail.com","University of Calgary","Stripe Paid","0","0","1","0","0","0","0","1","0","0"
"20007","N2","SHEUNG YIN","CHAN","1999",10,26,"1106 -  3980 Carrign Court","Burnaby","British Colombia","Canada","V3N-4S6","sheungyinchan088@gmail.com","Other High School outside of Alberta Other (including private tutors and self-studying)","Stripe Paid","0","0","1","0","0","0","0","1","0","0"
"40010","N4","ANSH","CHAVDA","2006",03,23,"23274 SE 34th Pl","Sammamish","Washington","USA","98075","c5a126@outlook.com","Other High School outside of Alberta Other (including private tutors and self-studying)","Stripe Paid","0","0","0","0","0","0","0","0","0","0"
"10006","N1","JIAMIN","CHEN","1999",09,27,"2510 Bedford Rd","Ann Arbor","Michigan","United States","48104","chenjiamin0927@gmail.com","Other High School outside of Alberta Other (including private tutors and self-studying)","Stripe Paid","1","0","0","0","0","2","0","0","0","0"
"30008","N3","MENGYU","CHEN","1997",10,16,"47 Florence Street","Malden","MA","United States","02148","cmy1016.seaoh@gmail.com","Other High School outside of Alberta Other (including private tutors and self-studying)","Stripe Paid","0","0","0","0","0","0","0","0","0","0"
"30009","N3","TIANXIN","CHEN","1999",09,16,"8210 111 ST NW","Edmonton","Alberta","Canada","T6G 2C7","tianxin4@ualberta.ca"," University of Alberta","Stripe Paid","0","0","0","0","1","0","0","0","0","1"
"10007","N1","YUANZHI","CHEN","1998",10,13,"10043 108ST NW， Suite 503","Edmonton","Alberta","Canada","T5J 0L3","yuanzhi@ualberta.ca"," University of Alberta","Stripe Paid","0","1","0","0","0","0","1","0","0","0"
"10008","N1","CHEUK KIU","CHENG","1995",12,07,"655 Roderick Ave Coquitlam BC V3k 1P3","Vancouver","Vancouver","Canada","V3k 1P3","katrinazheng007@gmail.com","Other University","Stripe Paid","2","1","1","3","0","0","1","1","0","0"
"40011","N4","CHUN PUI","CHEUNG","1994",10,29,"Unit 302 - 99 Spruce Place -  SW -  Calgary -  AB T3C 3X7 -  Canada","Calgary","Alberta","Canada","T3C 3X7","chunpuitoby@gmail.com","Other University","Stripe Paid","0","0","1","1","1","0","0","2","2","1"
"20008","N2","JESSICA","CHILDRESS","2001",05,11,"1830 S Mayfair Drive","Appleton","Wisconsin","United States","54914","jessichildress713@gmail.com","Other College","Stripe Paid","0","0","0","0","0","0","0","0","0","0"
"20009","N2","CINDY","CHIU","2000",10,14,"11065 Southridge rd.","Delta","BC","Canada","V4E2M3","kuroyoru1014@gmail.com"," ---- Post Secondary ----","Stripe Paid","0","0","0","0","0","0","0","0","0","0"
"10009","N1","WILLIAM","CHIU","1999",04,29,"83 Erin Crescent SE","Calgary","Alberta","Canada","T2B 3C8","william.tk.chiu@gmail.com","Other High School outside of Alberta Other (including private tutors and self-studying)","Stripe Paid","0","1","1","1","0","0","1","1","2","0"
"30010","N3","HOWARD","CHOI","1956",09,25,"1284 Canterbury Lane","Fullerton","California","U.S.A.","92831","jongychoi@hotmail.com","Other College","Stripe Paid","0","0","0","0","0","0","0","0","0","0"
"20010","N2","HYEOI LEE","CHOI","1986",12,18,"145 Shawnee Common SW","Calgary","Alberta","Canada","T2Y0P9","herrichoi@gmail.com"," University of Alberta","Stripe Paid","0","0","0","0","0","0","0","0","0","0"
"30011","N3","JAESUNG","CHOI","2000",01,26,"120 Tuscany Dr N.W.","Calgary","Alberta","Canada","T3L 2C3","rayquaza0126@gmail.com","University of Calgary","Stripe Paid","0","0","0","0","0","0","0","0","0","0"
"10010","N1","SOO HYUN","CHOI","1995",03,07,"103-8767 French Street","Vancouver","BC","Canada","V6P 4W8","kreme7@naver.com","Other High School outside of Alberta Other (including private tutors and self-studying)","Stripe Paid","1","0","0","0","0","2","0","0","0","0"
"50010","N5","LOGAN","COLLINS","1985",10,27,"32 Wilson Drive","Whitehorse","Yukon","Canada","Y1A 0C5","logan.collins08@gmail.com","Other College","Stripe Paid","0","0","0","0","0","0","0","0","0","0"
"40012","N4","CHARLES","COLVIN","1989",08,08,"1928 Grand Fir Dr","Little Elm","Texas","United States","75068","arcanumghost@gmail.com","Other University","Stripe Paid","0","0","0","0","1","0","0","0","0","1"
"40013","N4","THOMAS","CONDON","1985",12,10,"407 - 4820 47th Ave","Red Deer","Alberta","Canada","T4N 6B9","tconxi@gmail.com","University of Lethbridge","Stripe Paid","0","0","0","0","1","0","0","0","0","1"
"50011","N5","ABIGAIL","CORDERO","2007",05,26,"13851 Carnaby St","Cerritos","CA","USA","90703","abbycordero07@gmail.com","Other Community Language School","Stripe Paid","0","0","0","0","0","0","0","0","0","0"
"20011","N2","ALEXANDER","CRAM","2000",10,16,"235 Santa Paula Avenue","San Francisco","California","United States","94127","alexandercram01123@gmail.com","Other University","Stripe Paid","0","1","0","0","0","0","2","0","0","0"
"10011","N1","MEGAN","CROSBY","1995",02,14,"2743 White Wing Rd","Johnstown","CO","United States","80534","megan.n.crosby@gmail.com","Other University","Stripe Paid","0","0","0","0","0","0","0","0","0","0"
"40014","N4","MACKENZIE","DALTON","1999",11,13,"218 Inverness Pk SE","Calgary","AB","Canada","T2Z 3K8","kenzied@shaw.ca","Other High School outside of Alberta Other (including private tutors and self-studying)","Stripe Paid","0","0","0","0","0","0","0","0","0","0"
"40015","N4","LUCAS","DA SILVA ROCHA","2000",01,13,"1875 East 37th Avenue V5P1E9","Vancouver","British Columbia","Canada","V5P1E9","ld.rocha@hotmail.com","Other High School outside of Alberta Other (including private tutors and self-studying)","Stripe Paid","0","0","0","1","0","0","0","0","2","0"
"30012","N3","LEO","DE LA GARDE","2005",08,02,"115 1st Street E Saskatoon SK S7H 1R6","Saskatoon","Saskatchewan","Canada","S7H 1R6","ryuno.suke.leo@gmail.com","Other University","Stripe Paid","0","0","0","0","0","0","0","0","0","0"
"20012","N2","ARTHUR","DE LINO","2001",09,26,"63 Diamond Terrace SE","Calgary","Alberta","Canada","T2J 7B1","arthur.torres.de.lino@gmail.com","Other High School outside of Alberta Other (including private tutors and self-studying)","Stripe Paid","0","0","0","0","0","0","0","0","0","0"
"40016","N4","ERIN","DELLA PUCA","1995",02,24,"1205 N Pitt street Alexandria VA 22314","Alexandria","VA","United States","22314","dellapucaem@gmail.com","Other College","Stripe Paid","0","0","0","0","0","0","0","0","0","0"
"10012","N1","ZSARINA","DE LUNA","1997",02,04,"4265 Fallbrook Dr.","Duluth","GA","USA","30096","zsarinamoon@gmail.com","Other High School outside of Alberta Other (including private tutors and self-studying)","Stripe Paid","0","1","1","1","0","0","1","1","1","0"
"20013","N2","WILLIAM","DILLON","1991",04,08,"49 Zoe Street","San Francisco","California","United States of America","94107","wbdillon91@gmail.com","Other College","Stripe Paid","0","1","2","0","0","0","2","1","0","0"
"50012","N5","SEAN","DINCHMAN","1993",10,11,"Pninim 20","Yehud Monosson","Israel","Israel","6019000","dinchman@hotmail.com","Other High School outside of Alberta Other (including private tutors and self-studying)","Stripe Paid","0","0","0","0","0","0","0","0","0","0"
"20014","N2","KEVIN","DO","1998",03,20,"28 Arctic Willow Rd","Brampton","Ontario","Canada","L6R3K8","kevin1998do@gmail.com","Other High School outside of Alberta Other (including private tutors and self-studying)","Stripe Paid","0","0","1","0","0","0","0","1","0","0"
"50013","N5","MICHAEL","DONOVAN","1981",12,02,"64 Fireside Cres","Cochrane","Alberta","Canada","T4C2L4","Michael.will.donovan@gmail.com","Other University","Stripe Paid","0","0","0","0","0","0","0","0","0","0"
"50014","N5","LISA","DUGARO","1981",04,23,"868 Spruce Avenue","100 Mile House","BC","Canada","V0K 2E0","lisadugaro@gmail.com","Other High School outside of Alberta Other (including private tutors and self-studying)","Stripe Paid","0","0","0","0","0","0","0","0","0","0"
"40017","N4","TIMOTHY","DUNBAR","2005",08,03,"3 Onslow Square","Red Deer","AB","Canada","T4N 5C6","t1dunbar@telus.net","Other High School in Alberta","Stripe Paid","0","0","0","0","0","0","0","0","0","0"
"20015","N2","KYRIEN","EDWARDS","1995",04,29,"7004 bishop rd. apt. 3407","Plano","Texas","United States of America","75024","kyrien.edwards@gmail.com","Other College","Stripe Paid","0","0","0","0","0","0","0","0","0","0"
"40018","N4","ANTONN","ESQUIVEL","1993",03,05,"902-1030 Sheppard Ave W","Toronto","Ontario","Canada","M3H 6C1","esquivel.antonn@gmail.com","Other High School outside of Alberta Other (including private tutors and self-studying)","Stripe Paid","0","0","0","0","1","0","0","0","0","1"
"50015","N5","MARVIN","ETRUW","1998",11,17,"9626 75ave nw","Edmonton","Alberta","Canada","T6E 1H6","metruw@ualberta.ca"," University of Alberta","Stripe Paid","0","0","0","0","0","0","0","0","0","0"
"40019","N4","LEO","FEDERICO","2012",05,14,"4604 Vegas Road NW","Calgary","Alberta","Canada","T3A0N1","otagakihanae@msn.com","Calgary Hoshuko Japanese School Association","Stripe Paid","0","0","0","0","0","0","0","0","0","0"
"50016","N5","LUCA","FEDERICO","2015",12,03,"4604 Vegas Road NW","Calgary","Alberta","Canada","T3A0N1","otagakihanae@gmail.com","Calgary Hoshuko Japanese School Association","Stripe Paid","0","0","0","0","0","0","0","0","0","0"
"20016","N2","MIRIAH","FENUS","1998",09,21,"48250 Middle Creek Trail","Ronan","Montana","Lake County","59864","miriah.fenus@hotmail.com","Other High School outside of Alberta Other (including private tutors and self-studying)","Stripe Paid","0","1","0","1","0","0","2","0","1","0"
"20017","N2","SCOTT","FERGUSON","1988",11,21,"130 15TH AVE EAST","Vancouver","British Columbia","Canada","V5T 4L3","scottferguson450@gmail.com","Other University","Stripe Paid","0","1","0","0","0","0","1","0","0","0"
"10013","N1","LING SANG","FONG","1996",03,18,"1409 Sage Hill Grove NW","Calgary","Alberta","Canada","T3R 2A1","queeniefong18@gmail.com","Other High School outside of Alberta Other (including private tutors and self-studying)","Stripe Paid","0","1","0","0","0","0","1","0","0","0"
"50017","N5","ROBERT","FRAZIER","1973",11,09,"4412 W. Braymore Drive","Rogers","Arkansas","United States","72758","robert@frazierlawyers.com","Other University","Stripe Paid","0","0","0","0","0","0","0","0","0","0"
"40020","N4","SYDNEY","FRAZIER","2006",11,22,"4412 W. Braymore Drive","Rogers","Arkansas","United States of America","72758","sydneyefrazier@gmail.com","Other University","Stripe Paid","0","0","0","1","1","0","0","0","2","1"
"40021","N4","ERIC","FUNG","1983",06,29,"924 8 Ave SE","Calgary","AB","Canada","T2G 0M3","eyhfung@gmail.com","Calgary Japanese Language School","Stripe Paid","0","0","0","0","1","0","0","0","0","1"
"40022","N4","ALANNA","GAGNE","1994",03,31,"303-9828 112 St NW","Edmonton","Alberta","Canada","T5K 1L4","alanna.gagne@gmail.com"," University of Alberta","Stripe Paid","0","0","0","0","0","0","0","0","0","0"
"10014","N1","NATHAN","GAGNE","2000",06,06,"333 Dumoulin Street","Winnipeg","Manitoba","Canada","R2H0E7","nathan23118@gmail.com","Other University","Stripe Paid","0","0","0","0","0","0","0","0","0","0"
"40023","N4","JAANVI","GANAPATHY","2008",06,10,"2423 98th AV NE","Bellevue","WA","USA","98004","g3venkataraman@gmail.com","Other High School outside of Alberta Other (including private tutors and self-studying)","Stripe Paid","0","0","0","0","1","0","0","0","0","1"
"10015","N1","DAISY","GAO","1999",07,14,"2806-385 Prince of Wales Dr","Mississauga","Ontario","Canada","L5B 0C6","margheritagao@gmail.com","Other College","Stripe Paid","0","0","0","0","0","0","0","0","0","0"
"20018","N2","MARIANO","GARCIA ALIPI","1999",05,21,"809 Olive Way","Seattle","Washington","United States","98101","marianoalipi@gmail.com","Other University","Stripe Paid","0","0","1","1","0","0","0","1","1","0"
"20019","N2","CHARLES","GARNAAT","1991",12,31,"5 Colonial Parkway","Pittsford","New York","United States","14534","charlesgarnaat@gmail.com","Other High School outside of Alberta Other (including private tutors and self-studying)","Stripe Paid","0","1","1","2","0","0","2","2","1","0"
"10016","N1","SUJATA","GHATPANDE","1978",11,01,"#7 -  1 Aspenwood Drive","Port Moody","British Columbia","Canada","V3H4X8","sujata.ghatpande@gmail.com","Other College","Stripe Paid","0","1","1","1","0","0","1","1","1","1"
"10017","N1","SENIA","GOLISEK","2003",05,20,"1945 Shenandoah Ct. Unit C","Plymouth","MN","United States","55447","sgolisek@gmail.com","Other Community Language School","Stripe Paid","0","0","0","0","0","0","0","0","0","0"
"20020","N2","BRAXTON","GRIFFITH","1995",11,28,"3833 SE Mall St","Portland","OR","United States","97202","braxton.griffith@gmail.com","Other University","Stripe Paid","0","1","1","0","0","0","2","1","0","0"
"20021","N2","RYAN","GROCHAL","2000",02,15,"1532 West Oakmont Road","Hoffman Estates","Illinois","United States","60169","ryangrochal@yahoo.com","Other College","Stripe Paid","0","0","0","0","0","0","0","0","0","0"
"30013","N3","JIAYIN","GUO","1991",01,05,"300 somerset","Harrison","New Jersey","United States","07029","jiayin_guo@mfe.berkeley.edu","Other College","Stripe Paid","0","0","0","0","0","0","0","0","0","0"
"20022","N2","YILE","GUO","1998",06,03,"unit 1403 -  9733 111 ST NW","Edmonton","Alberta","Canada","T5K 1J7","YILE5@UALBERTA.CA"," University of Alberta","Stripe Paid","0","0","1","0","0","0","0","1","0","0"
"20023","N2","YUNA","GUU","2002",08,02,"14 Petria","Irvine","California","United States","92606","yunaguu@gmail.com","Other High School outside of Alberta Other (including private tutors and self-studying)","Stripe Paid","0","0","1","0","0","0","0","1","0","0"
"10018","N1","LEILA GIOANNE","HALOS","1998",04,21,"2811 Dover Ridge Dr SE","Calgary","Alberta","Canada","T2B2L2","lghalos21@gmail.com","Other University","Stripe Paid","1","1","1","1","0","1","1","1","1","0"
"20024","N2","CHEOLHO","HAN","1989",05,24,"1007-511 Rochester Ave","Coquitlam","BC","Canada","V3K0A2","hancjfg5@gmail.com","Other High School outside of Alberta Other (including private tutors and self-studying)","Stripe Paid","0","0","0","0","0","0","0","0","0","0"
"50018","N5","JACK","HANCEY","2002",09,06,"32 Henderson Landing","Spruce Grove","Alberta","Canada","T7X 0C6","jackmhancey@gmail.com","Grant MacEwan University","Stripe Paid","0","0","0","0","0","0","0","0","0","0"
"50019","N5","ERICA","HOBBS","1995",09,17,"46667 Breannes ln","Lexington Park","Maryland","United States of America","20653","ericahobbs4@gmail.com","Other High School outside of Alberta Other (including private tutors and self-studying)","Stripe Paid","0","0","0","0","0","0","0","0","0","0"
"10019","N1","ADAM","HRUBY","1997",06,06,"1364 W 24th St","Los Angeles","California","United States","90007","adam.hruby@yahoo.com","Other College","Stripe Paid","1","0","0","0","0","2","0","0","0","0"
"10020","N1","VIVIAN","HSU","1999",08,11,"10317 107 Avenue Northwest","Edmonton","AB","CANADA","T5H 0V7","vi55154600@gmail.com","Other High School outside of Alberta Other (including private tutors and self-studying)","Stripe Paid","2","2","1","1","1","2","1","1","1","1"
"20025","N2","HAOZHE","HUANG","1998",10,11,"2906-25 Richmond St E","Toronto","Ontario","Canada","M5C 0A6","marko@cs.toronto.edu","Other University","Stripe Paid","0","0","0","0","0","0","0","0","0","0"
"20026","N2","JINFEI","HUANG","2006",10,17,"5122 Shalen Ct","San Jose","California","USA","95130","rdccajp@gmail.com","Other High School outside of Alberta Other (including private tutors and self-studying)","Stripe Paid","0","0","0","0","0","0","0","0","0","0"
"30014","N3","SARAH","HUDSON","1988",06,17,"4365 McClung Cres NW","Edmonton","AB","Canada","T6R 0M8","srh.hdsn@gmail.com","Metro Edmonton Japanese Community School","Stripe Paid","0","0","0","1","1","0","0","0","1","1"
"20027","N2","CALVIN HENRY","HUFFER","1997",07,06,"1835 N. 52nd St.","Milwaukee","Wisconsin","United States of America","53208","calvinhuffer@ymail.com","Other College","Stripe Paid","0","1","0","0","0","0","2","0","0","0"
"20028","N2","NAOMI","HUNTINGTON","2002",01,29,"772 Harpeth Bend Dr","Nashville","Tennessee","USA","37221","naomi020129@gmail.com","Other High School outside of Alberta Other (including private tutors and self-studying)","Stripe Paid","0","0","0","0","0","0","0","0","0","0"
"30015","N3","LE YEN","HUYNH","1992",12,14,"829 Evanston Drive NW","Calgary","Alberta","Canada","T3P 0M4","huynhleyen1412@gmail.com","Other Community Language School","Stripe Paid","0","0","0","1","0","0","0","0","1","0"
"30016","N3","SCOTT","HUYNH","2001",08,19,"148 Coventry Hills Dr. NE","Calgary","Alberta","Canada","T3K 6A5","scott.huynh198@gmail.com","Other Community Language School","Stripe Paid","0","0","0","1","0","0","0","0","2","0"
"30017","N3","JEREMY","JAMES","1994",10,11,"2111 Lower Mall -  Rm 2027 -  Vancouver BC","Vancouver","British Columbia","Canada","V6T 1Z4","jeremy.james@live.ca","Other University","Stripe Paid","0","0","0","0","0","0","0","0","0","0"
"20029","N2","JAYDE","JIANG","1996",08,02,"2568 Edgar Cres","Vancouver","British Columbia","Canada","V6L 2G4","jaydejiang67@gmail.com","Other University","Stripe Paid","0","0","0","0","0","0","0","0","0","0"
"20030","N2","JIANI","JIANG","2001",08,26,"314-802 Academy Way","Kelowna","BC","Canada","V1V0C4","nicolejiang2020@gmail.com","Other University","Stripe Paid","0","0","0","0","0","0","0","0","0","0"
"20031","N2","YI GE","JIANG","1996",09,19,"14743 Goggs Ave","White Rock","BC","Canada","V4B2N3","auriejiang@gmail.com","Other University","Stripe Paid","0","0","0","0","0","0","0","0","0","0"
"20032","N2","CASEY","JONES","2006",03,13,"22710 Torero Ct","Salinas","California","United States","93908","g4m34ndw41ch@gmail.com","Other High School outside of Alberta Other (including private tutors and self-studying)","Stripe Paid","0","0","0","0","0","0","0","0","0","0"
"10021","N1","SOICHIRO","KAKU","2006",01,10,"3224 Lost Pine Way","portage","Michigan","USA","49024","ruru.kaku@yahoo.com","Other High School outside of Alberta Other (including private tutors and self-studying)","Stripe Paid","0","0","0","0","0","0","0","0","0","0"
"20033","N2","TZUYUN","KAO","1998",06,27,"1302-4458 Beresford St. Burnaby. BC","Vancouver","BC","Canada","V5H0J1","ariielkao@gmail.com","Other High School outside of Alberta Other (including private tutors and self-studying)","Stripe Paid","2","1","1","2","1","2","2","1","2","1"
"10022","N1","SOON KIAT","KER","1994",03,21,"505 Cypress Point Dr -  Unit 166","Mountain View","CA","United States","94043","SOONKIAT.KER@GMAIL.COM","Other High School outside of Alberta Other (including private tutors and self-studying)","Stripe Paid","3","2","1","0","0","2","1","1","0","0"
"30018","N3","MARK","KERBY","1990",12,22,"6532 Sleepy Hollow Ave","Texarkana","Texas","United States of America","75503","markakerby@gmail.com","Other University","Stripe Paid","0","1","1","0","0","0","2","2","0","0"
"10023","N1","SEUNGHYEOK","KIM","1995",06,14,"5410 Dumfries St.","Vancouver","BC","Canada","V5P 3A4","shkim8745@gmail.com","Other High School outside of Alberta Other (including private tutors and self-studying)","Stripe Paid","0","0","0","0","0","0","0","0","0","0"
"10024","N1","HATSU","KIMURA","2007",07,26,"7 Schubert Hill NW","Calgary","Alberta","Canada","T3L1W4","wonori@hotmail.com","Calgary Hoshuko Japanese School Association","Stripe Paid","0","0","0","0","0","0","0","0","0","0"
"20034","N2","LOGAN","KNECHT","1987",05,07,"10846 NE 37th Place","Bellevue","WA","United States","98004","wontstoptrying@gmail.com","Other High School outside of Alberta Other (including private tutors and self-studying)","Stripe Paid","0","1","1","1","0","0","2","1","1","2"
"50020","N5","KENT","KNIGHT","1982",08,27,"2474 Austin Cr SW","Edmonton","Alberta","Canada","T6W 0L4","kentwardknight@gmail.com","Other High School in Alberta","Stripe Paid","0","0","0","0","1","0","0","0","0","2"
"40024","N4","ASHER","KOMOR","2007",02,23,"850 Mauna Kea Lane","Steamboat Springs","Colorado","USA","80487","Asherkomor@gmail.com","Other High School outside of Alberta Other (including private tutors and self-studying)","Stripe Paid","0","0","0","0","1","0","0","0","0","1"
"10025","N1","STEPHEN","KRAUS","1991",02,27,"1100 W High St - Apt 11","Jefferson City","MO","USA","65109","stephen_jp2@fastmail.com","Other High School outside of Alberta Other (including private tutors and self-studying)","Stripe Paid","0","1","0","0","0","0","1","0","0","0"
"20035","N2","SUSHMITH","KULKARNI","1997",01,12,"34588 11th Street Unit 244","Union City","California","USA","94587","sska2016@mymail.pomona.edu","Other College","Stripe Paid","0","0","0","0","0","0","0","0","0","0"
"50021","N5","DANIEL","KURANI","2002",09,17,"12407 39 Ave NW","Edmonton","Alberta","Canada","T6J0N1","dkurani@ualberta.ca","Harry Ainlay","Stripe Paid","0","0","0","0","0","0","0","0","0","0"
"20036","N2","KEI YAU","KWOK","1997",10,27,"Unit 2003 -  7171 Yonge Street -  Thronhill","Toronto","ON","Canada","L3T0C5","evannakwok97@gmail.com","Other High School outside of Alberta Other (including private tutors and self-studying)","Stripe Paid","0","0","1","0","0","0","0","1","0","0"
"40025","N4","YIU FAI","KWOK","1988",12,11,"1227 48 Ave NW","Calgary","Alberta","Canada","T2K 0J6","alankyf@gmail.com","Other Community Language School","Stripe Paid","0","0","0","0","1","0","0","0","0","1"
"20037","N2","CHRISTOPHER","LEE","2001",09,15,"14451 Fruitvale Ave","Saratoga","California","United States","95070","chris20315@gmail.com","Other University","Stripe Paid","0","0","1","0","0","0","2","1","0","0"
"40026","N4","HYON","LEE","1984",07,31,"440 Catherine St","Fort Lee","New Jersey","United States","07024","hyonmail@gmail.com","Other Community Language School","Stripe Paid","0","0","0","1","1","0","0","0","2","1"
"20038","N2","KA CHING","LEE","1985",09,06,"2719 East 54th Avenue","Vancouver","BC","Canada","V5S1X7","ada_leekc@hotmail.com","Other Community Language School","Stripe Paid","0","0","1","0","0","0","0","1","0","0"
"20039","N2","LO","LEE","1992",10,30,"707-8031 Nunavut Lane","Vancouver","British Columbia","Canada","V5X 0C9","lolowowing@gmail.com","Other University","Stripe Paid","0","0","0","0","1","0","0","0","0","1"
"20040","N2","MICHAEL","LEE","1995",09,01,"245 Hamptons Square NW","Calgary","Alberta","Canada","T3A5K9","m.maurice.lee@gmail.com","Other High School outside of Alberta Other (including private tutors and self-studying)","Stripe Paid","0","0","1","0","0","0","0","1","0","0"
"20041","N2","SSUKUANG","LEI","1988",03,23,"31 1400 12TH ST N","Golden","BC","canada","V0A 1H1","holyzuiko@gmail.com","Other Community Language School","Stripe Paid","0","4","2","1","0","0","2","2","1","0"
"40027","N4","JASON","LENKO","1982",09,06,"206 Morin Maze","Edmonton","Alberta","Canada","T6K 1V1","jasonlenko@live.ca","Other Community Language School","Stripe Paid","0","0","0","2","2","0","0","0","2","1"
"40028","N4","HO-TAK CHARLES","LEUNG","1993",07,29,"9-7611 Moffatt Road","Richmond","BC","Canada","V6Y1X9","Charleshtleung@gmail.com","Other University","Stripe Paid","0","0","0","1","0","0","0","0","1","0"
"50022","N5","JINGGE","LI","2003",12,28,"8680 Ash St","Richmond","British Columbia","Canada","V6Y 2S3","sh0risu179@outlook.com","Other High School outside of Alberta Other (including private tutors and self-studying)","Stripe Paid","0","0","0","0","0","0","0","0","0","0"
"30019","N3","ROBERT","LIEBERT","1983",04,14,"950 Roble Ave #6","Menlo Park","California","USA","94025","robert.liebert@gmail.com","Other High School outside of Alberta Other (including private tutors and self-studying)","Stripe Paid","0","0","0","1","0","0","0","0","1","0"
"10026","N1","KOBIN REI","LIM","1997",05,02,"1641 89 St NW","Edmonton","AB","Canada","T6K 2A8","kobinlim@gmail.com"," University of Alberta","Stripe Paid","0","1","0","0","0","0","1","0","0","0"
"20042","N2","EDWARD","LIN","1995",02,04,"55 River Drive South","Jersey City","New Jersey","United States of America","07310","edward.w.lin@gmail.com","Other University","Stripe Paid","0","1","1","1","1","0","2","1","1","1"
"20043","N2","CHAORAN","LIU","1999",09,11,"3064 college road","Sherbooke","Quebec","Canada","J1M1V6","liu302570100@gmail.com","Other University","Stripe Paid","0","0","0","0","0","0","0","0","0","0"
"10027","N1","HAO","LIU","2001",08,01,"3073 Sir Johns Homestead","Mississauga","Ontario","Canada","L5L 2N5","FrankieHao0801@gmail.com","Other High School outside of Alberta Other (including private tutors and self-studying)","Stripe Paid","0","0","0","0","0","0","0","0","0","0"
"20044","N2","RUYI","LIU","2000",10,30,"1333 South Park Street","Halifax","Nova Scotia","Canada","NS B3J 2K9","739628022@qq.com","Other High School outside of Alberta Other (including private tutors and self-studying)","Stripe Paid","0","0","0","0","0","0","0","0","0","0"
"10028","N1","SHURUI","LIU","2000",04,23,"552 university Rd","Santa Barbara","CA","USA","93106","lsryuzu1207@gmail.com","Other University","Stripe Paid","0","0","1","0","0","0","0","1","0","0"
"20045","N2","TIANXIANG","LIU","1994",01,26,"11011 W North Ave. Mayfair Reserve APT 261","Milwaukee","Wisconsin","USA","53226","tianxiang-liu@outlook.com","Other High School outside of Alberta Other (including private tutors and self-studying)","Stripe Paid","0","0","0","0","0","0","0","0","0","0"
"10029","N1","YANQI","LIU","1998",10,19,"10049 103 St NW","Edmonton","Alberta-CA","カナダ","T5J 2W7","yanqi2@ualberta.ca"," University of Alberta","Stripe Paid","2","1","1","0","0","2","1","1","0","0"
"10030","N1","ZHENGJUN","LIU","2002",10,22,"1038 Henday Hall -  Lister Centre -  University of Alberta","Edmonton","Alberta","Canada","T6G 2H6","tdk201478@gmail.com","Other High School outside of Alberta Other (including private tutors and self-studying)","Stripe Paid","0","0","0","0","0","0","0","0","0","0"
"20046","N2","AARON","LONG","1997",01,15,"5761 Robbie Rd. Apt. 3323","Plano","TX","US","75024","aaronpatlong@gmail.com","Other High School outside of Alberta Other (including private tutors and self-studying)","Stripe Paid","0","0","1","1","0","0","0","1","1","0"
"30020","N3","JAMES","LORENCE","1987",09,20,"8224 20th Ave NE B","Seattle","WA","USA","98115","jamesdlorence@gmail.com","Other High School outside of Alberta Other (including private tutors and self-studying)","Stripe Paid","0","0","0","0","0","0","0","0","0","0"
"40029","N4","BRIAN","LOWE","1985",09,09,"6872 Huntchester Rd NE","Calgary","AB","Canada","T2K 5E8","heaton.brian@gmail.com","University of Calgary","Stripe Paid","0","0","0","0","0","0","0","0","0","0"
"50023","N5","STACEY","LOWE","1985",06,01,"6872 Huntchester Rd NE","Calgary","Alberta","Canada","T2K 5E8","stacey.lowe@gmail.com","Other Community Language School","Stripe Paid","0","0","0","0","0","0","0","0","0","0"
"50024","N5","PINREN","LU","2001",06,24,"8609 111 St NW -  #unit 201","Edmonton","AB","Canada","T6G 1H8","pinren@ualberta.ca"," University of Alberta","Stripe Paid","0","0","0","0","0","0","0","0","0","0"
"20047","N2","JIAQI","LUO","2001",10,19,"7 Carlton street","Toronto","Ontario","Canada","M5B2M3","Jiaqi.luo@mail.utoronto.ca","Other College","Stripe Paid","0","0","0","0","0","0","0","0","0","0"
"20048","N2","SEAN","LYNCH","1985",11,06,"1230 West Grace St. #1","Chicago","IL","USA","60613","tallseanlynch@gmail.com","Other College","Stripe Paid","0","0","0","0","0","0","0","0","0","0"
"40030","N4","SHIRUI","MA","2000",12,06,"6288 No.3 Road","Vancouver","BC","Canada","V6Y 0J4","philomenaxmsr@gmail.com","Other High School outside of Alberta Other (including private tutors and self-studying)","Stripe Paid","0","0","0","0","0","0","0","0","0","0"
"10031","N1","JOSIAH","MACKAY","1997",06,24,"63 pitt st","New York","New York","USA","10002","josiahmackay20@gmail.com","Other University","Stripe Paid","2","0","0","0","0","2","0","0","0","0"
"40031","N4","CHRISTIAN DANIEL","MAGSOMBOL","2001",09,25,"4 Cranarch Heights SE","Calgary","Alberta","Canada","T3M 0S7","christiandaniel.mags@gmail.com","University of Calgary","Stripe Paid","0","0","0","0","0","0","0","0","0","0"
"40032","N4","SIMONE","MAJEKODUNMI","2008",10,13,"27006 FRANKLIN PARK DRIVE","KATY","TEXAS","UNITED STATES OF AMERICA","77494","Bukolamajekodunmi@gmail.com","Other High School outside of Alberta Other (including private tutors and self-studying)","Stripe Paid","0","0","0","0","1","0","0","0","0","1"
"30021","N3","AARON","MAJOR","2006",02,27,"2119 N Frederic Street","Burnank","California","USA","91504","yuikoyagi@gmail.com","Other Community Language School","Stripe Paid","0","0","0","0","0","0","0","0","0","0"
"40033","N4","ALDEON","MAMARIL","1996",11,09,"1021 SE Everett Mall Way Unit J","Everett","Washington","United States","98208","aldeonm@proton.me","Other High School outside of Alberta Other (including private tutors and self-studying)","Stripe Paid","0","0","0","0","0","0","0","0","0","0"
"50025","N5","JASPER IAN","MANALO","1990",07,30,"14 Simsbury Place","Winnipeg","Manitoba","Canada","R3P 2H4","jasp3rmanalo@gmail.com","Other University","Stripe Paid","0","0","0","0","0","0","0","0","0","0"
"30022","N3","SONIA","MANSAW","2001",11,04,"23 Westwood Dr.","St. Albert","Alberta","Canada","T8N 3E3","smansaw@ualberta.ca"," University of Alberta","Stripe Paid","0","0","0","0","0","0","0","0","0","0"
"20049","N2","THOMAS EARLE BLAKELY","MARKES","1989",06,21,"23376 Camford Pl","Valencia","CA","USA","91354","tmarkes5@gmail.com","Other University","Stripe Paid","0","0","1","0","0","0","0","1","0","0"
"40034","N4","CLAUDIA CAROLINA","MARROQUIN PINTO","1977",11,03,"416 Laurel rd.","Kelowna","British Columbia","Canada","V1X 2V6","claudia.marroquin.pinto@gmail.com","Other High School outside of Alberta Other (including private tutors and self-studying)","Stripe Paid","0","0","0","0","0","0","0","0","0","0"
"50026","N5","JESSE","MARSHALL","1993",12,23,"539 Fifth Street","Nanaimo","British Columbia","Canada","V9R 1P2","jessebmarshall@gmail.com","Other University","Stripe Paid","0","0","0","0","0","0","0","0","0","0"
"30023","N3","JOHN","MARTIN","1998",02,04,"7772 E Sam Hill Place","Tucson","Arizona","United States of America","85750","jackmartin8888@gmail.com","Other Community Language School","Stripe Paid","0","0","0","0","0","0","0","0","0","0"
"50027","N5","HIYORI","MARWICK","2014",11,25,"229 CITADEL BLUFF CLOSE NW","CALGARY","AB","Canada","T3G 5E2","amarwick78@gmail.com","Other Community Language School","Stripe Paid","0","0","0","0","0","0","0","0","0","0"
"40035","N4","HIYORI","MARWICK","2014",11,25,"229 CITADEL BLUFF CLOSE NW","CALGARY","AB","Canada","T3G 5E2","amarwick78@gmail.com","Other Community Language School","Stripe Paid","0","0","0","0","0","0","0","0","0","0"
"50028","N5","MICHAEL","MAZZUCA","1994",09,22,"490 Lyman Blvd","Newmarket","Ontario","Canada","L3X1V8","mike.mazzuca41@hotmail.com","Other College","Stripe Paid","0","0","0","0","1","0","0","0","0","2"
"40036","N4","GABRIEL","MEDINA","2005",02,24,"8119 165th Ave NE","Redmond","Washington","USA","98052","lulusa_portraits@outlook.com","Other High School outside of Alberta Other (including private tutors and self-studying)","Stripe Paid","0","0","0","0","0","0","0","0","0","0"
"20050","N2","KATHLEEN","MIAO","1996",09,07,"2 Penwood Crescent","Toronto","Ontario","Canada","M3B 2B9","kathymiao41@hotmail.com","Other University","Stripe Paid","0","0","0","0","0","0","0","0","0","0"
"30024","N3","LUCY","MIDGLEY","1994",05,13,"213 - 51 Waterfront Mews SW","Calgary","Alberta","Canada","T2P 0X3","lucymidgley13@gmail.com","Other High School outside of Alberta Other (including private tutors and self-studying)","Stripe Paid","0","0","0","1","0","0","0","0","1","0"
"50029","N5","PRASHANK","MISHRA","1996",06,19,"5400 Preston Oaks Road","Dallas","Texas","United States","75254","prashankpm@gmail.com","Other High School outside of Alberta Other (including private tutors and self-studying)","Stripe Paid","0","0","0","0","0","0","0","0","0","0"
"40037","N4","KENYON","MONAHAN","2002",02,15,"3 Cranna Pl","Lacombe","Alberta","Canada","T4L 2N7","kenyon.w.monahan@gmail.com"," University of Alberta","Stripe Paid","0","0","0","0","0","0","0","0","0","0"
"20051","N2","RILEY","MONDRAGON","1989",09,15,"1470 W Carmen Avenue","Chicago","IL","USA","60640","ariamine94@gmail.com","Other University","Stripe Paid","0","0","1","0","0","0","0","1","0","0"
"10032","N1","CRYSTAL","MOON","1995",06,25,"969 Hilgard Ave PH1","Los Angeles","California","United States of America","90024","asterselene@gmail.com","Other University","Stripe Paid","0","0","1","1","0","0","0","1","1","0"
"30025","N3","ALEXANDER","MOTZ","2001",04,08,"605 Park Avenue","New York","New York","United States of America","10065","amotz365@gmail.com","Other College","Stripe Paid","0","0","1","0","0","0","0","2","0","0"
"40038","N4","THEODORE","MOUCHAKKAA","2006",04,24,"585 Bloor St. E Suite 515","Toronto","Ontario","Canada","N4W0B3","theomouchakkaa@icloud.com","Other High School outside of Alberta Other (including private tutors and self-studying)","Stripe Paid","0","0","0","0","0","0","0","0","0","0"
"30026","N3","ERIC","NAKAHARA SCHNURR","1999",05,28,"341 3rd Avenue West","Owen Sound","Ontario","Canada","N4K6Y9","ericcns0528@gmail.com","Other University","Stripe Paid","0","0","0","0","0","0","0","0","0","0"
"10033","N1","KAZUMASA","NAKAMURA","2006",03,15,"256 Ranchview Mews NW","Calgary","Alberta","Canada","T3G1M7","mika.nakamura256@gmail.com","Other Community Language School","Stripe Paid","0","2","0","1","0","0","1","0","1","0"
"20052","N2","KAREN","NG","1996",01,10,"222 Parkside Court","Port Moody","BC","Canada","V3H 4Z8","karenengee@gmail.com","Other Community Language School","Stripe Paid","0","0","0","0","0","0","0","0","0","0"
"30027","N3","JINGYI","NI","2001",01,16,"Unit 2 -  710 Cooper Street","Ottawa","Ontario","Canada","K1R5J6","andrea.ni0116@gmail.com","Other University","Stripe Paid","0","0","0","0","0","0","0","0","0","0"
"20053","N3,N2","YIFAN","NING","1997",10,17,"362 Bellevue Way NE","Bellevue","Washington","United States","98004","nyfkxj@gmail.com","Other University","Stripe Paid","0","0","0","0","0","0","0","0","0","0"
"10034","N1","MICHEL","NIQUETTE","1995",05,31,"98 Soucy","Delson","Quebec","Canada","J5B 1B4","mikallnikall@gmail.com"," ---- Post Secondary ----","Stripe Paid","0","0","0","0","0","0","0","0","0","0"
"40039","N4","MICHAEL","NOLIN","1995",12,04,"3310 Rolston Crescent","Victoria","British Columbia","Canada","V8Z4N8","michaelnolin@outlook.com","Other University","Stripe Paid","0","0","0","0","1","0","0","0","0","1"
"30028","N3","EMILY","ORESCANIN","2000",05,10,"4625 Tutor Court","Regina","SK","Canada","S4W 0E6","emily.orescanin@gmail.com"," ---- Post Secondary ----","Stripe Paid","0","0","0","1","0","0","0","0","1","0"
"30029","N3","SHILOH","ORR","1995",12,03,"8141 Pawtucket Drive","Huntington Beach","California","United States of America","92646","shilohorr123@gmail.com","Other High School outside of Alberta Other (including private tutors and self-studying)","Stripe Paid","0","0","0","0","0","0","0","0","0","0"
"20054","N2","BRIAN REED","OSHIRO","1978",04,22,"7235 S Robertsdale Way","Aurora","Colorado","USA","80016","brianreed.oshiro@yahoo.com"," ---- Post Secondary ----","Stripe Paid","0","1","1","0","0","0","2","1","0","0"
"20055","N2","CASEY","OSTRANDER","2001",02,17,"2981 Peacekeepers Way SW","Calgary","Alberta","Canada","T3E7R5","cyoakb01@gmail.com","University of Calgary","Stripe Paid","0","0","0","0","0","0","0","0","0","0"
"40040","N4","JUSTIN","OWENS","1993",05,04,"103-33887 Marshall Road","Abbotsford","BC","Canada","V2S1L6","justin.owens777@gmail.com","Other University","Stripe Paid","0","0","0","0","1","0","0","0","0","1"
"50030","N5","SARAH","PADWAL","2005",04,01,"11682 72 ave NW","Edmonton","Alberta","Canada","T6G0C1","s.padwal@icloud.com","Harry Ainlay","Stripe Paid","0","0","0","0","0","0","0","0","0","0"
"20056","N2","LING CHENG","PAN","2000",09,27,"#10-9451 Granville Ave.","Richmond","BC","Canada","V6Y 1P9","kevinpan862@gmail.com","Other High School outside of Alberta Other (including private tutors and self-studying)","Stripe Paid","0","0","1","0","0","0","0","1","0","0"
"20057","N2","YUN","PAN","1994",08,08,"3-6408 4ST NE","Calgary","Alberta","Canada","T2K 5M8","panyunparuru@outlook.com","Other High School outside of Alberta Other (including private tutors and self-studying)","Stripe Paid","0","0","0","0","0","0","0","0","0","0"
"40041","N4","DANIEL","PANIAGUA","1991",12,28,"1330 Ashemore CT","Midlothian","Texas","USA","76065","dpaniagua0@gmail.com","Other High School outside of Alberta Other (including private tutors and self-studying)","Stripe Paid","0","0","0","0","0","0","0","0","0","0"
"50031","N5","HENRY","PARADISE","1997",09,22,"4101 40 St","Red Deer","AB","Canada","T4N1A4","henry.j.paradise@gmail.com","Other High School outside of Alberta Other (including private tutors and self-studying)","Stripe Paid","0","0","0","0","1","0","0","0","0","0"
"30030","N3","PAIGE","PEARSON","1988",06,18,"1340 Gull Rd","Fairbanks","Alaska","USA","99712","limaluart@gmail.com","Other High School outside of Alberta Other (including private tutors and self-studying)","Stripe Paid","0","0","1","0","0","0","0","2","0","0"
"10035","N1","KOJI","PHUNG","2004",04,25,"16 Royal Elm Way NW","Calgary","Alberta","Canada","T3G 5M2","phungkoji@gmail.com","Calgary Hoshuko Japanese School Association","Stripe Paid","2","0","0","0","0","2","0","0","0","0"
"20058","N2","TAI","POGUE","2008",09,01,"411 - 51st Ave. -  SW","Calgary","Alberta","Canada","T2V 0A2","mikempogue@gmail.com","Other Community Language School","Stripe Paid","0","0","1","1","0","0","0","1","1","0"
"50032","N5","DANIEL","POLYAK","2002",12,31,"51514 Range Road 34","Duffield","Alberta","Canada","T0E 0N0","polyakdpsyc@gmail.com","University of Lethbridge","Stripe Paid","0","0","0","0","0","0","0","0","0","0"
"20059","N2","CHUN TUNG JEREMY","POON","1990",10,22,"923-8080 Cambie Rd","Richmond","BC","Canada","V6X 0C1","jeremypoon8@gmail.com","Other High School outside of Alberta Other (including private tutors and self-studying)","Stripe Paid","0","0","0","0","0","0","0","0","0","0"
"40042","N4","ELENA","PRISAMENT","2006",01,18,"147 Revolutionary Road","Briarcliff Manor","NY","United States of America","10510","elena.dreamer18@gmail.com","Other High School outside of Alberta Other (including private tutors and self-studying)","Stripe Paid","0","0","0","0","0","0","0","0","0","0"
"40043","N4","ANN-MARIE","PRZYSLUPSKI","1990",11,28,"4111 Aspen Drive East NW","Edmonton","Alberta","Canada","T6J2A7","przyannm@gmail.com"," University of Alberta","Stripe Paid","0","0","2","1","1","0","0","2","2","1"
"50033","N5","LAURA","PUERINGER","1994",08,11,"7332 Queen Ave S","Richfield","Minnesota","USA","55423","lpueringer01@gmail.com","Other College","Stripe Paid","0","0","0","1","0","0","0","0","2","0"
"50034","N5","PATRICK","QUIRK","1995",02,06,"51 Waterfront Mews SW","Calgary","Alberta","Canada","T2P 0X3","patq629@gmail.com","Other High School outside of Alberta Other (including private tutors and self-studying)","Stripe Paid","0","0","0","0","0","0","0","0","0","0"
"20060","N2","SYDNEY","RAGER","2001",02,11,"970 south fifth street","Chambersburg","Pa","United States","17201","sydneyjr010@gmail.com","Other College","Stripe Paid","0","0","0","0","0","0","0","0","0","0"
"20061","N2","ARIEL","RAGETLI","1991",11,17,"2831 Venables Street","Vancouver","BC","Canada","V5K 2R7","arielragetli333@gmail.com","Other High School outside of Alberta Other (including private tutors and self-studying)","Stripe Paid","0","0","0","0","0","0","0","0","0","0"
"20062","N2","ANNABELLE","RANDEL","2006",09,26,"8 payson st","Lexington","Massachusetts","United States of America","02421","tachyonenquiry@gmail.com","Other High School outside of Alberta Other (including private tutors and self-studying)","Stripe Paid","0","0","0","0","0","0","0","0","0","0"
"20063","N2","IGNATIUS","RAUTENBACH","1990",12,18,"4-218 Avenue du Mont-Royal Est","Montreal","Quebec","Canada","H2T1P3","ignatius.rautenbach@gmail.com","Other High School outside of Alberta Other (including private tutors and self-studying)","Stripe Paid","0","0","0","0","0","0","0","0","0","0"
"40044","N4","STEVEN","RAY","1953",10,09,"920 Western Drive","Chanhassen","Minnesota","USA","55317-9556","smray1@sihope.com","Other High School outside of Alberta Other (including private tutors and self-studying)","Stripe Paid","0","0","0","0","1","0","0","0","0","1"
"40045","N4","MANA","SAKAGUCHI","2004",01,27,"2203 Austin Way SW","Edmonton","AB","Canada","T6W 0L2","sakaguc1@ualberta.ca"," University of Alberta","Stripe Paid","0","0","0","0","1","0","0","0","0","1"
"40046","N4","ANDREW","SAMSON","1991",03,12,"4963 Thornwood Trace","Acworth","Georgia","United States","30102","samsonite220@gmail.com","Other University","Stripe Paid","0","0","0","1","1","0","0","0","2","1"
"10036","N1","ERIC","SANFACON","1998",09,04,"1318 Grant Way NW","Edmonton","Alberta","Canada","T5T6M8","ericsanfacon612@gmail.com"," University of Alberta","Stripe Paid","1","0","0","0","0","2","0","0","0","0"
"40047","N4","MIKI","SAWCHUK","2011",04,01,"69 Tuscany vista crescent NW","Calgary","Alberta","Canada","T3L2Z9","tomokusama@hotmail.com","Other Community Language School","Stripe Paid","0","0","0","0","1","0","0","0","0","1"
"40048","N4","MIKI","SAWCHUK","2011",04,01,"69 Tuscany vista crescent NW","Calgary","Alberta","Canada","T3L2Z9","tomokusama@hotmail.com","Other Community Language School","Stripe Paid","0","0","0","0","1","0","0","0","0","1"
"30031","N3","HANS","SCHIEFELBEIN","2001",08,27,"4636 Lake Club Circle","Oconomowoc","Wisconsin","United States","53066","4636hans@gmail.com","Other Community Language School","Stripe Paid","0","0","0","0","0","0","0","0","0","0"
"50035","N5","MICHELLE","SCHOLLIE","1992",09,19,"#401 11444 Ellerslie Rd Sw","Edmonton","AB","Canada","T6W3W8","michelleschollie@gmail.com"," University of Alberta","Stripe Paid","0","0","0","0","0","0","0","0","0","0"
"20064","N2","TAI","SCHUTZ","2006",08,06,"10953 5th Ave SW","Seattle","Washington","U.S.A.","98146","0529yukimino@gmail.com","Other Community Language School","Stripe Paid","0","0","1","0","0","0","0","1","0","0"
"50036","N5","WENLING","SHANG","1989",12,08,"18 E Camden Street Unit 231","Hackensack","New Jersey","USA","07601","wendyshang1208@gmail.com","Other High School outside of Alberta Other (including private tutors and self-studying)","Stripe Paid","0","0","0","0","0","0","0","0","0","0"
"10037","N1","XIAOYU","SHANG","2000",04,01,"3594 W 18th Ave","Vancouver","British Columbia","Canada","V6S 1B1","sxy20000401@gmail.com"," ---- Post Secondary ----","Stripe Paid","0","0","0","0","0","0","0","0","0","0"
"10038","N1","NATHAN","SHARESKI","2007",08,31,"194 Inverness Park SE","Calgary","Alberta","Canada","T2Z 3K8","erica.shareski@gmail.com","Other High School in Alberta","Stripe Paid","0","0","0","0","0","0","0","0","0","0"
"20065","N2","XIAOYU","SHI","2000",05,13,"13843 20th ave","Surrey","BC","Canada","V4A2A1","linda00513@gmail.com","Other College","Stripe Paid","0","0","0","0","0","0","0","0","0","0"
"20066","N2","YIKE","SHI","1998",09,09,"#1510 -  8133 Cook Rd -  Richmond -  BC","Vancouver","BC","Canada","V6Y 0L7","shiyike0909@gmail.com","Other College","Stripe Paid","0","0","1","0","0","0","0","1","1","0"
"50037","N5","ERIC","SIA","1966",03,15,"1404 Bearspaw Drive East","Edmonton","Alberta","Canada","T6J5E3","siaeric@yahoo.com"," University of Alberta","Stripe Paid","0","0","0","0","0","0","0","0","0","0"
"50038","N5","ZAVIAN","SILDRA","1976",10,05,"10115 83 Avenue NW","Edmonton","Alberta","Canada","T6E2C5","sildra.zavian@gmail.com","Other High School outside of Alberta Other (including private tutors and self-studying)","Stripe Paid","0","0","0","0","0","0","0","0","0","0"
"50039","N5","HELEN","SIROIS","1963",02,07,"23161 Argyle St","Novi","MI","USA","48374","jhsirois@aol.com","Other High School outside of Alberta Other (including private tutors and self-studying)","Stripe Paid","0","0","0","0","0","0","0","0","0","0"
"10039","N1","HEATHER","SLIGH","1974",09,14,"3011 Northampton Drive","Greensboro","NC","USA","27408","satogaeru@yahoo.com","Other University","Stripe Paid","3","2","0","0","0","2","1","0","0","0"
"20067","N2","ALEXANDER","SNEGIREV","1998",04,15,"11553 SW Shoreview PL","Tigard","OR","United States of America","97223","alexander.r.snegirev@gmail.com","Other University","Stripe Paid","0","0","0","0","0","0","0","0","0","0"
"50040","N5","NATHANIAL","SOLUM","1996",08,16,"14014 26th Ave NE","Seattle","Washington","United States of America","98125","Nathanialsolum@comcast.net","Other High School outside of Alberta Other (including private tutors and self-studying)","Stripe Paid","0","0","0","0","0","0","0","0","0","0"
"20068","N2","JIAQI","SONG","1995",11,20,"6951 Elmbridge Way","Richmond","British Columbia","Canada","V7C 0A4","sjqapp@gmail.com","Other High School outside of Alberta Other (including private tutors and self-studying)","Stripe Paid","0","0","0","0","0","0","0","0","0","0"
"10040","N1","REN","SONG","1990",08,05,"1001  West Broadway 101-686","Vancouver","BC","Canada","V6H4E4","setsunaibuki@gmail.com","Other Community Language School","Stripe Paid","3","1","1","1","0","1","1","1","1","0"
"50041","N5","SAHIL","SOOD","1995",12,25,"9172 Scurfield Drive Northwest","Calgary","Alberta","Canada","T3L1Z5","sood@live.ca","Other High School outside of Alberta Other (including private tutors and self-studying)","Stripe Paid","0","0","0","0","0","0","0","0","0","0"
"50042","N5","RICHARD","STAMETS","1990",02,26,"10304 Myrtlewood Cir W","Palm Beach Gardens","Florida","USA","33418","richard.stamets.374@gmail.com","Other College","Stripe Paid","0","0","0","0","0","0","0","0","0","0"
"30032","N3","JUNYUAN","SUI","1995",09,11,"101 Vine Cliff Blvd","Markham","ON","Canada","L6C3E2","lesliesui911@gmail.com","Other High School outside of Alberta Other (including private tutors and self-studying)","Stripe Paid","0","0","0","0","0","0","0","0","0","0"
"10041","N1","LEI","SUN","1985",10,15,"6195 CORTOT","BROSSARD","QUÉBEC","Canada","J4Z0M2","leighsun01@gmail.com","Other University","Stripe Paid","0","1","0","0","0","0","2","0","0","0"
"30033","N3","AIKO","SWENSON","2003",12,30,"11 East 740 South","Ephraim","Utah","USA","84627","aiko.swenson@gmail.com","Other College","Stripe Paid","0","0","0","0","0","0","0","0","0","0"
"30034","N3","KAITLYN","SZYMANSKI","2001",10,26,"53141 HWY 21","Sherwood Park","Alberta","Canada","T8A 4T7","kszymans@ualberta.ca"," University of Alberta","Stripe Paid","0","0","0","0","0","0","0","0","0","0"
"50043","N5","MICHELLE","THEODORE","1994",08,04,"10502 86 Ave NW","Edmonton","AB","Canada","T6E 2M6","michellemtheodore@gmail.com","Other Community Language School","Stripe Paid","0","0","0","0","0","0","0","0","0","0"
"30035","N3","JAMES","THOMSON KACKI","1991",01,14,"123 Guay Ave","Winnipeg","Manitoba","Canada","R2M0C2","jamesctk@hotmail.com","Other University","Stripe Paid","0","0","0","0","0","0","0","0","0","0"
"50044","N5","PATRICK","TIANG","2002",06,28,"22 Kyte Cres","Red Deer","Alberta","Canada","T4P3W7","patricktiang@outlook.com"," University of Alberta","Stripe Paid","0","0","0","0","0","0","0","0","0","0"
"40049","N4","THOMAS","TOMIKAWA","1999",01,27,"4174 Third Ave","San Diego","California","United States of America","92103","tommyktomikawa@gmail.com","Other College","Stripe Paid","0","0","0","0","0","0","0","0","0","0"
"40050","N4","NHI","TRAM","1990",11,27,"21345 NORWALK BLVD -  APT 113","HAWAIIAN GARDENS","CALIFORNIA","UNITED STATES OF AMERICA","90716","mstramemail@gmail.com","Other High School outside of Alberta Other (including private tutors and self-studying)","Stripe Paid","0","0","0","0","0","0","0","0","0","0"
"20069","N2","ANNE","TRAN","1997",04,14,"1742 Balsam Willow Trail","Orlando","Florida","United States of America","32825","Aetran10@gmail.com","Other University","Stripe Paid","0","1","1","1","0","0","2","1","2","0"
"10042","N1","GRACIELA","TRIMBLE-QUIZ","1997",04,05,"269 Meserole St","Brooklyn","New York","USA","11206","ggtquiz@gmail.com","Other University","Stripe Paid","1","1","0","0","0","2","1","0","0","0"
"10043","N1","HOI YIU REGINA","TSANG","2010",01,05,"105 - 7851 NO. 1 ROAD","RICHMOND","BRITISH COLUMBIA","CANADA","V7C 1T7","rika3166@gmail.com","Other Community Language School","Stripe Paid","1","0","0","0","0","2","0","0","0","0"
"10044","N1","SHANE","TUNSTEAD","1990",07,12,"3 Pell Street","Toronto","Ontario","Canada","M1N 1M9","shane.tunstead@live.com"," ---- Post Secondary ----","Stripe Paid","1","1","0","0","0","0","1","0","0","0"
"20070","N2","PASCAL","VAILLANCOURT","1999",01,07,"6507 place Beaubien","Montreal","QC","Canada","H1M 3V9","pvail@pm.me","Other University","Stripe Paid","0","0","0","0","0","0","0","0","0","0"
"50045","N5","JAMES","VALDERHAUG","1976",11,19,"11830 102 ST","Edmonton","AB","Canada","T5G 2G3","giantpeach@shaw.ca","Other Community Language School","Stripe Paid","0","0","0","0","0","0","0","0","0","0"
"50046","N5","KIMBERLY","VAN EGMOND","1986",07,04,"995 Marcombe Drive NE","Calgary","Alberta","Canada","T2A3H2","kim.franceschin@gmail.com","Other High School outside of Alberta Other (including private tutors and self-studying)","Stripe Paid","0","0","0","0","0","0","0","0","0","0"
"50047","N5","CHRISTOPHER","VU","1986",09,08,"5507 Lunia Lane","Houston","TX","United States","77021","christopher.h.vu@gmail.com","Other College","Stripe Paid","0","0","0","0","0","0","0","0","0","0"
"20071","N2","AORUI","WANG","1995",10,20,"306-8400 Ackroyd Rd","Richmond","BC","Canada","V6X3E8","aoruiw@gmail.com","Other College","Stripe Paid","0","0","0","0","0","0","0","0","0","0"
"30036","N3","JOHNSON","WANG","2002",12,04,"11442 77th Avenue NW","Edmonton","Alberta","Canada","T6G0L8","jw10231204@gmail.com"," University of Alberta","Stripe Paid","0","0","0","0","0","0","0","0","0","0"
"10045","N2,N1","RUIZHI","WANG","1998",03,31,"8320 120 St","Edmonton","Alberta","Canada","T6G 1X2","christinawangruizhi@gmail.com"," University of Alberta","Stripe Paid","0","0","0","0","0","0","0","0","0","0"
"10046","N1","SORAH","WASHIYAMA","2008",12,20,"195 CITADEL ACRES CLOSE NW","CALGARY","ALBERTA","CANADA","T3G5C9","wassy007@hotmail.com","Other Community Language School","Stripe Paid","1","1","0","1","1","2","1","0","1","1"
"10047","N1","ZIXING","WEI","1992",11,04,"5868 -  Dalford Hill NW","Calgary","Alberta","Canada","T3A1L6","zixingwei07@gmail.com","University of Calgary","Stripe Paid","0","1","0","0","0","0","1","0","0","0"
"40051","N4","KAREN","WIKOFF","1957",12,17,"6300 Rockawalkin Rd","Salisbury","MD","United States of America","21801","paleodove@gmail.com","Other University","Stripe Paid","0","0","0","0","1","0","0","0","0","1"
"50048","N5","JAMISON","WILLIAMS","1989",11,02,"8662 New Salem St. Unit 74","San Diego","California","United States","92126","jamo.williams45@gmail.com","Other College","Stripe Paid","0","0","0","0","0","0","0","0","0","0"
"20072","N2","JARID","WILLIAMS","1998",02,09,"101 Sweeten Grass Hill -  Apt. 107","Arden","North Carolina","United States of America","28704","Jaridtw@gmail.com","Other High School outside of Alberta Other (including private tutors and self-studying)","Stripe Paid","0","0","0","0","0","0","0","0","0","0"
"50049","N5","BEN CHI YAN","WONG","2003",04,29,"23-5812 Tisdall Street","Vancouver","British Columbia","Canada","V5Z 3N2","chiyan03.wong@gmail.com","Other Community Language School","Stripe Paid","0","0","0","0","0","0","0","0","0","0"
"10048","N1","TRUMAN","WOURNELL","2000",05,16,"41 york street","Sioux Lookout","Ontario","Canada","P8T1C9","truman.wournell@slfnha.com","Other High School outside of Alberta Other (including private tutors and self-studying)","Stripe Paid","0","0","0","0","0","0","0","0","0","0"
"20073","N2","YUQING","WU","2002",03,29,"11 Brunel Ct -  Toronto -  ON M5V 3Y3","Toronto","Ontario","Canada","M5V 3Y3","emilylove0329@gmail.com"," ---- Post Secondary ----","Stripe Paid","0","0","0","0","0","0","0","0","0","0"
"20074","N2","KAIHAO","YANG","1999",12,09,"24 Greenyards Drive","Toronto","Ontario","Canada","M2M 2R6","jamesmsdmsr@gmail.com","Other High School outside of Alberta Other (including private tutors and self-studying)","Stripe Paid","0","0","0","0","0","0","0","0","0","0"
"10049","N1","YAOYU","YANG","2001",10,19,"304-75 rue Principale","Gatineau","Québec","CANADA","J9H 3L6","yaoyu_yang@outlook.com","Other High School outside of Alberta Other (including private tutors and self-studying)","Stripe Paid","0","1","0","0","0","0","1","0","0","0"
"10050","N1","YINING","YANG","1999",08,18,"2210-9925 Jasper Ave","Edmonton","Alberta","Canada","T5J2X5","yining5@ualberta.ca"," University of Alberta","Stripe Paid","1","1","0","0","0","2","1","0","0","0"
"30037","N3","KIN MAN","YEUNG","1979",08,19,"327-9333 Tomicki Ave.","Richmond","B.C.","Canada","V6X0L4","kenyeungcad@gmail.com","Other High School outside of Alberta Other (including private tutors and self-studying)","Stripe Paid","0","0","0","0","0","0","0","0","0","0"
"10051","N1","PENG","YI","1998",08,13,"1503-7371 Westminster highway","Vancouver","British Columbia","Canada","v6x 0b4","Pat08133@sina.com","Other High School outside of Alberta Other (including private tutors and self-studying)","Stripe Paid","0","0","0","0","0","0","0","0","0","0"
"50050","N5","CARLA","YOUNG","2005",11,09,"15015 96 Avenue NW","Edmonton","Alberta","Canada","T5P 4V9","ccool7376@gmail.com","Jasper Place ","Stripe Paid","0","0","0","0","0","0","0","0","0","0"
"10052","N1","BO","ZHANG","1995",03,10,"2242 31st AVE sunset San Francisco CA USA","San Francisco","CA","USA","94116","zhangbo0103@gmail.com","Other College","Stripe Paid","0","1","0","0","0","0","1","0","0","0"
"20075","N2","XIYU","ZHANG","1990",05,10,"3328 West Crt NW","Edmonton","AB","Canada","T6W0T5","xiyu.zhang@ualberta.ca","Other High School outside of Alberta Other (including private tutors and self-studying)","Stripe Paid","0","0","0","0","0","0","0","0","0","0"
"30038","N3","JINHAI","ZHENG","2004",06,10,"11719 43 Ave NW","Edmonton","Alberta","Canada","T6J 0Y8","jinhai.zheng0610@gmail.com","Harry Ainlay","Stripe Paid","0","0","0","0","0","0","0","0","0","0"
"40052","N4","YUNHAO","ZHENG","1998",05,31,"4663 207B","Langley","BC","Canada","V3A 7P1","yza366@sfu.ca","Other University","Stripe Paid","0","0","0","0","0","0","0","0","0","0"
"50051","N5","ZHENXI","ZHONG","2005",02,20,"7304 183B ST NW","Edmonton","Alberta","Canada","T5T 3Z8","frankiezhong1212@icloud.com","Jasper Place ","Stripe Paid","0","0","0","0","0","0","0","0","0","0"
"30039","N3","ZHIXING","ZHU","2000",04,07,"1073 Exposition Blvd Unit 301","Los Angeles","California","USA","90007","stevenzhu1@outlook.com","Other High School outside of Alberta Other (including private tutors and self-studying)","Stripe Paid","0","0","0","0","0","0","0","0","0","0"
"10053","N2,N1","RUOQI","ZUO","2023",11,09,"410 N Lincoln Ave -  APT2229","Urbana","Illinois","United States","61801","zuoruoqi@126.com","Other High School outside of Alberta Other (including private tutors and self-studying)","Stripe Paid","0","0","1","0","0","0","0","1","0","0"
"20076","N2","KAYLA","ZURAKOWSKI","2001",04,06,"34 Wentworth Crescent SW","Calgary","AB","Canada","T3H 5V2","kaylazski16@gmail.com"," University of Alberta","Stripe Paid","0","0","0","0","0","0","0","0","0","0"
